[{ "mapOut": 14, "width": 5, "version": 2, "cellData": [{ "direction": 12, "data": [10, 11], "idx": 0, "escape": true }, { "direction": 3, "data": [7, 12], "idx": 1 }, { "direction": 12, "data": [2, 3, 4], "idx": 2 }], "height": 5 }, { "mapOut": 14, "width": 5, "version": 2, "cellData": [{ "direction": 12, "data": [10, 11], "idx": 0, "escape": true }, { "direction": 3, "data": [7, 12], "idx": 1 }, { "direction": 12, "data": [2, 3, 4], "idx": 2 }, { "direction": 12, "data": [17, 18], "idx": 3 }], "height": 5 }, { "mapOut": 14, "width": 5, "version": 2, "cellData": [{ "direction": 12, "data": [10, 11], "idx": 0, "escape": true }, { "direction": 3, "data": [7, 12], "idx": 1 }, { "direction": 12, "data": [17, 18], "idx": 2 }, { "direction": 12, "data": [2, 3, 4], "idx": 3 }, { "direction": 12, "data": [22, 21], "idx": 4 }], "height": 5 }, { "mapOut": 14, "width": 5, "version": 2, "cellData": [{ "direction": 12, "data": [10, 11], "idx": 0, "escape": true }, { "direction": 3, "data": [14, 19], "idx": 1 }, { "direction": 3, "data": [7, 12], "idx": 2 }, { "direction": 12, "data": [2, 3], "idx": 3 }, { "direction": 12, "data": [22, 23, 24], "idx": 4 }], "height": 5 }, { "mapOut": 14, "width": 5, "version": 2, "cellData": [{ "direction": 12, "data": [10, 11], "idx": 0, "escape": true }, { "direction": 3, "data": [7, 12], "idx": 1 }, { "direction": 3, "data": [8, 13], "idx": 2 }, { "direction": 12, "data": [2, 3, 4], "idx": 3 }, { "direction": 12, "data": [16, 17], "idx": 4 }, { "direction": 12, "data": [22, 23], "idx": 5 }], "height": 5 }, { "mapOut": 14, "width": 5, "version": 2, "cellData": [{ "direction": 12, "data": [10, 11], "idx": 0, "escape": true }, { "direction": 3, "data": [4, 9], "idx": 1 }, { "direction": 3, "data": [14, 19], "idx": 2 }, { "direction": 3, "data": [8, 13], "idx": 3 }, { "direction": 3, "data": [18, 23], "idx": 4 }, { "direction": 3, "data": [2, 7], "idx": 5 }, { "direction": 3, "data": [12, 17], "idx": 6 }, { "direction": 3, "data": [16, 21], "idx": 7 }], "height": 5 }, { "mapOut": 10, "width": 5, "version": 2, "cellData": [{ "direction": 12, "data": [13, 12], "idx": 0, "escape": true }, { "direction": 12, "data": [4, 3], "idx": 1 }, { "direction": 3, "data": [16, 11], "idx": 2 }, { "direction": 3, "data": [10, 5], "idx": 3 }, { "direction": 12, "data": [22, 21], "idx": 4 }, { "direction": 12, "data": [7, 6], "idx": 5 }], "height": 5 }, { "mapOut": 10, "width": 5, "version": 2, "cellData": [{ "direction": 12, "data": [14, 13], "idx": 0, "escape": true }, { "direction": 12, "data": [8, 7], "idx": 1 }, { "direction": 3, "data": [17, 12], "idx": 2 }, { "direction": 12, "data": [23, 22], "idx": 3 }, { "direction": 3, "data": [21, 16], "idx": 4 }, { "direction": 3, "data": [11, 6], "idx": 5 }], "height": 5 }, { "mapOut": 14, "width": 5, "version": 2, "cellData": [{ "direction": 12, "data": [10, 11], "idx": 0, "escape": true }, { "direction": 3, "data": [12, 17], "idx": 1 }, { "direction": 12, "data": [22, 23], "idx": 2 }, { "direction": 3, "data": [4, 9], "idx": 3 }, { "direction": 12, "data": [3, 2], "idx": 4 }, { "direction": 3, "data": [8, 13], "idx": 5 }, { "direction": 12, "data": [18, 19], "idx": 6 }], "height": 5 }, { "mapOut": 10, "width": 5, "version": 2, "cellData": [{ "direction": 12, "data": [14, 13], "idx": 0, "escape": true }, { "direction": 12, "data": [5, 6], "idx": 1 }, { "direction": 12, "data": [7, 8], "idx": 2 }, { "direction": 3, "data": [16, 11], "idx": 3 }, { "direction": 3, "data": [17, 22], "idx": 4 }, { "direction": 12, "data": [21, 20], "idx": 5 }], "height": 5 }, { "mapOut": 14, "width": 5, "version": 2, "cellData": [{ "direction": 12, "data": [10, 11], "idx": 0, "escape": true }, { "direction": 12, "data": [23, 24], "idx": 1 }, { "direction": 12, "data": [21, 22], "idx": 2 }, { "direction": 12, "data": [2, 3], "idx": 3 }, { "direction": 3, "data": [12, 17], "idx": 4 }, { "direction": 3, "data": [14, 19], "idx": 5 }, { "direction": 3, "data": [1, 6], "idx": 6 }], "height": 5 }, { "mapOut": 22, "width": 5, "version": 2, "cellData": [{ "direction": 3, "data": [2, 7], "idx": 0, "escape": true }, { "direction": 12, "data": [13, 12], "idx": 1 }, { "direction": 12, "data": [18, 17], "idx": 2 }, { "direction": 12, "data": [23, 22], "idx": 3 }, { "direction": 3, "data": [11, 16], "idx": 4 }, { "direction": 3, "data": [5, 10], "idx": 5 }, { "direction": 3, "data": [9, 14], "idx": 6 }], "height": 5 }, { "mapOut": 22, "width": 5, "version": 2, "cellData": [{ "direction": 3, "data": [2, 7], "idx": 0, "escape": true }, { "direction": 12, "data": [21, 20], "idx": 1 }, { "direction": 12, "data": [23, 22], "idx": 2 }, { "direction": 3, "data": [19, 24], "idx": 3 }, { "direction": 12, "data": [13, 12], "idx": 4 }, { "direction": 3, "data": [11, 16], "idx": 5 }, { "direction": 12, "data": [9, 8], "idx": 6 }], "height": 5 }, { "mapOut": 22, "width": 5, "version": 2, "cellData": [{ "direction": 3, "data": [2, 7], "idx": 0, "escape": true }, { "direction": 3, "data": [4, 9], "idx": 1 }, { "direction": 3, "data": [14, 19], "idx": 2 }, { "direction": 12, "data": [13, 12], "idx": 3 }, { "direction": 3, "data": [11, 16], "idx": 4 }, { "direction": 12, "data": [22, 21], "idx": 5 }], "height": 5 }, { "mapOut": 22, "width": 5, "version": 2, "cellData": [{ "direction": 3, "data": [7, 12], "idx": 0, "escape": true }, { "direction": 3, "data": [5, 10], "idx": 1 }, { "direction": 3, "data": [15, 20], "idx": 2 }, { "direction": 12, "data": [24, 23], "idx": 3 }, { "direction": 12, "data": [22, 21], "idx": 4 }, { "direction": 12, "data": [18, 17], "idx": 5 }], "height": 5 }, { "mapOut": 14, "width": 5, "version": 2, "cellData": [{ "direction": 12, "data": [12, 13], "idx": 0, "escape": true }, { "direction": 3, "data": [19, 24], "idx": 1 }, { "direction": 3, "data": [18, 23], "idx": 2 }, { "direction": 3, "data": [17, 22], "idx": 3 }, { "direction": 12, "data": [1, 2], "idx": 4 }, { "direction": 12, "data": [3, 4], "idx": 5 }, { "direction": 3, "data": [9, 14], "idx": 6 }, { "direction": 3, "data": [6, 11], "idx": 7 }], "height": 5 }, { "mapOut": 10, "width": 5, "version": 2, "cellData": [{ "direction": 12, "data": [14, 13], "idx": 0, "escape": true }, { "direction": 12, "data": [1, 0], "idx": 1 }, { "direction": 3, "data": [10, 5], "idx": 2 }, { "direction": 3, "data": [20, 15], "idx": 3 }, { "direction": 3, "data": [7, 2], "idx": 4 }, { "direction": 3, "data": [8, 3], "idx": 5 }, { "direction": 12, "data": [18, 17], "idx": 6 }], "height": 5 }, { "mapOut": 33, "width": 6, "version": 2, "cellData": [{ "direction": 3, "data": [3, 9], "idx": 0, "escape": true }, { "direction": 3, "data": [26, 32], "idx": 1 }, { "direction": 12, "data": [29, 28, 27], "idx": 2 }, { "direction": 3, "data": [13, 19, 25], "idx": 3 }, { "direction": 3, "data": [24, 30], "idx": 4 }, { "direction": 12, "data": [1, 0], "idx": 5 }], "height": 6 }, { "mapOut": 17, "width": 6, "version": 2, "cellData": [{ "direction": 12, "data": [12, 13], "idx": 0, "escape": true }, { "direction": 3, "data": [14, 20], "idx": 1 }, { "direction": 3, "data": [9, 15, 21], "idx": 2 }, { "direction": 12, "data": [26, 27, 28], "idx": 3 }, { "direction": 3, "data": [17, 23], "idx": 4 }, { "direction": 12, "data": [4, 5], "idx": 5 }], "height": 6 }, { "mapOut": 33, "width": 6, "version": 2, "cellData": [{ "direction": 3, "data": [3, 9], "idx": 0, "escape": true }, { "direction": 12, "data": [11, 10], "idx": 1 }, { "direction": 12, "data": [35, 34, 33], "idx": 2 }, { "direction": 12, "data": [16, 15, 14], "idx": 3 }, { "direction": 3, "data": [19, 25], "idx": 4 }, { "direction": 12, "data": [27, 26], "idx": 5 }, { "direction": 3, "data": [24, 30], "idx": 6 }], "height": 6 }, { "mapOut": 18, "width": 6, "version": 2, "cellData": [{ "direction": 12, "data": [23, 22], "idx": 0, "escape": true }, { "direction": 3, "data": [27, 21], "idx": 1 }, { "direction": 3, "data": [26, 20, 14], "idx": 2 }, { "direction": 12, "data": [33, 32, 31], "idx": 3 }, { "direction": 12, "data": [16, 15], "idx": 4 }, { "direction": 12, "data": [9, 8, 7], "idx": 5 }, { "direction": 12, "data": [2, 1, 0], "idx": 6 }], "height": 6 }, { "mapOut": 18, "width": 6, "version": 2, "cellData": [{ "direction": 12, "data": [23, 22], "idx": 0, "escape": true }, { "direction": 12, "data": [29, 28], "idx": 1 }, { "direction": 3, "data": [31, 25, 19], "idx": 2 }, { "direction": 12, "data": [8, 7, 6], "idx": 3 }, { "direction": 12, "data": [2, 1, 0], "idx": 4 }, { "direction": 3, "data": [9, 3], "idx": 5 }], "height": 6 }, { "mapOut": 33, "width": 6, "version": 2, "cellData": [{ "direction": 3, "data": [3, 9], "idx": 0, "escape": true }, { "direction": 3, "data": [10, 16, 22], "idx": 1 }, { "direction": 12, "data": [15, 14], "idx": 2 }, { "direction": 12, "data": [13, 12], "idx": 3 }, { "direction": 12, "data": [29, 28, 27], "idx": 4 }, { "direction": 12, "data": [35, 34, 33], "idx": 5 }], "height": 6 }, { "mapOut": 17, "width": 6, "version": 2, "cellData": [{ "direction": 12, "data": [12, 13], "idx": 0, "escape": true }, { "direction": 3, "data": [0, 6], "idx": 1 }, { "direction": 3, "data": [8, 14, 20], "idx": 2 }, { "direction": 3, "data": [9, 15, 21], "idx": 3 }, { "direction": 3, "data": [16, 22, 28], "idx": 4 }, { "direction": 3, "data": [24, 30], "idx": 5 }, { "direction": 12, "data": [31, 32], "idx": 6 }], "height": 6 }, { "mapOut": 33, "width": 6, "version": 2, "cellData": [{ "direction": 3, "data": [3, 9], "idx": 0, "escape": true }, { "direction": 3, "data": [11, 17, 23], "idx": 1 }, { "direction": 3, "data": [29, 35], "idx": 2 }, { "direction": 3, "data": [4, 10], "idx": 3 }, { "direction": 12, "data": [16, 15], "idx": 4 }, { "direction": 3, "data": [8, 14], "idx": 5 }, { "direction": 12, "data": [1, 0], "idx": 6 }, { "direction": 3, "data": [6, 12, 18], "idx": 7 }, { "direction": 12, "data": [21, 20, 19], "idx": 8 }], "height": 6 }, { "mapOut": 18, "width": 6, "version": 2, "cellData": [{ "direction": 12, "data": [23, 22], "idx": 0, "escape": true }, { "direction": 3, "data": [21, 15], "idx": 1 }, { "direction": 3, "data": [11, 5], "idx": 2 }, { "direction": 12, "data": [4, 3], "idx": 3 }, { "direction": 12, "data": [8, 7, 6], "idx": 4 }, { "direction": 12, "data": [2, 1, 0], "idx": 5 }, { "direction": 3, "data": [19, 13], "idx": 6 }, { "direction": 12, "data": [26, 25], "idx": 7 }, { "direction": 3, "data": [30, 24, 18], "idx": 8 }], "height": 6 }, { "mapOut": 18, "width": 6, "version": 2, "cellData": [{ "direction": 12, "data": [23, 22], "idx": 0, "escape": true }, { "direction": 12, "data": [35, 34], "idx": 1 }, { "direction": 3, "data": [27, 21], "idx": 2 }, { "direction": 3, "data": [32, 26, 20], "idx": 3 }, { "direction": 3, "data": [30, 24, 18], "idx": 4 }, { "direction": 3, "data": [9, 3], "idx": 5 }, { "direction": 12, "data": [8, 7], "idx": 6 }], "height": 6 }, { "mapOut": 33, "width": 6, "version": 2, "cellData": [{ "direction": 3, "data": [3, 9], "idx": 0, "escape": true }, { "direction": 3, "data": [4, 10], "idx": 1 }, { "direction": 3, "data": [8, 14, 20], "idx": 2 }, { "direction": 12, "data": [29, 28, 27], "idx": 3 }, { "direction": 12, "data": [35, 34, 33], "idx": 4 }, { "direction": 12, "data": [13, 12], "idx": 5 }, { "direction": 3, "data": [19, 25, 31], "idx": 6 }], "height": 6 }, { "mapOut": 33, "width": 6, "version": 2, "cellData": [{ "direction": 3, "data": [3, 9], "idx": 0, "escape": true }, { "direction": 12, "data": [2, 1], "idx": 1 }, { "direction": 3, "data": [17, 23], "idx": 2 }, { "direction": 12, "data": [29, 28, 27], "idx": 3 }, { "direction": 12, "data": [21, 20], "idx": 4 }, { "direction": 3, "data": [19, 25, 31], "idx": 5 }, { "direction": 3, "data": [18, 24], "idx": 6 }, { "direction": 12, "data": [13, 12], "idx": 7 }], "height": 6 }, { "mapOut": 17, "width": 6, "version": 2, "cellData": [{ "direction": 12, "data": [12, 13], "idx": 0, "escape": true }, { "direction": 12, "data": [7, 8], "idx": 1 }, { "direction": 3, "data": [14, 20, 26], "idx": 2 }, { "direction": 12, "data": [27, 28], "idx": 3 }, { "direction": 12, "data": [34, 35], "idx": 4 }, { "direction": 3, "data": [3, 9, 15], "idx": 5 }, { "direction": 3, "data": [4, 10], "idx": 6 }, { "direction": 3, "data": [11, 17, 23], "idx": 7 }], "height": 6 }, { "mapOut": 14, "width": 5, "version": 2, "cellData": [{ "direction": 12, "data": [11, 12], "idx": 0, "escape": true }, { "direction": 3, "data": [5, 10], "idx": 1 }, { "direction": 12, "data": [15, 16], "idx": 2 }, { "direction": 12, "data": [20, 21], "idx": 3 }, { "direction": 12, "data": [22, 23], "idx": 4 }, { "direction": 3, "data": [13, 18], "idx": 5 }, { "direction": 3, "data": [14, 19], "idx": 6 }, { "direction": 3, "data": [2, 7], "idx": 7 }, { "direction": 12, "data": [3, 4], "idx": 8 }, { "direction": 12, "data": [8, 9], "idx": 9 }], "height": 5 }, { "mapOut": 14, "width": 5, "version": 2, "cellData": [{ "direction": 12, "data": [11, 12], "idx": 0, "escape": true }, { "direction": 12, "data": [1, 2], "idx": 1 }, { "direction": 12, "data": [5, 6], "idx": 2 }, { "direction": 12, "data": [7, 8], "idx": 3 }, { "direction": 3, "data": [9, 14], "idx": 4 }, { "direction": 3, "data": [13, 18], "idx": 5 }, { "direction": 3, "data": [17, 22], "idx": 6 }, { "direction": 12, "data": [23, 24], "idx": 7 }, { "direction": 3, "data": [10, 15], "idx": 8 }], "height": 5 }, { "mapOut": 10, "width": 5, "version": 2, "cellData": [{ "direction": 12, "data": [13, 12], "idx": 0, "escape": true }, { "direction": 3, "data": [24, 19], "idx": 1 }, { "direction": 3, "data": [14, 9], "idx": 2 }, { "direction": 3, "data": [8, 3], "idx": 3 }, { "direction": 12, "data": [2, 1], "idx": 4 }, { "direction": 3, "data": [11, 6], "idx": 5 }, { "direction": 3, "data": [10, 5], "idx": 6 }, { "direction": 3, "data": [22, 17], "idx": 7 }, { "direction": 12, "data": [21, 20], "idx": 8 }, { "direction": 12, "data": [16, 15], "idx": 9 }], "height": 5 }, { "mapOut": 33, "width": 6, "version": 2, "cellData": [{ "direction": 3, "data": [3, 9], "idx": 0, "escape": true }, { "direction": 12, "data": [5, 4], "idx": 1 }, { "direction": 12, "data": [16, 15], "idx": 2 }, { "direction": 12, "data": [8, 7], "idx": 3 }, { "direction": 12, "data": [1, 0], "idx": 4 }, { "direction": 3, "data": [14, 20], "idx": 5 }, { "direction": 12, "data": [13, 12], "idx": 6 }, { "direction": 3, "data": [18, 24, 30], "idx": 7 }, { "direction": 3, "data": [25, 31], "idx": 8 }, { "direction": 12, "data": [28, 27], "idx": 9 }, { "direction": 12, "data": [35, 34, 33], "idx": 10 }], "height": 6 }, { "mapOut": 33, "width": 6, "version": 2, "cellData": [{ "direction": 3, "data": [3, 9], "idx": 0, "escape": true }, { "direction": 3, "data": [5, 11, 17], "idx": 1 }, { "direction": 12, "data": [23, 22], "idx": 2 }, { "direction": 3, "data": [29, 35], "idx": 3 }, { "direction": 12, "data": [34, 33, 32], "idx": 4 }, { "direction": 3, "data": [14, 20], "idx": 5 }, { "direction": 12, "data": [13, 12], "idx": 6 }, { "direction": 12, "data": [19, 18], "idx": 7 }, { "direction": 3, "data": [25, 31], "idx": 8 }, { "direction": 3, "data": [24, 30], "idx": 9 }], "height": 6 }, { "mapOut": 33, "width": 6, "version": 2, "cellData": [{ "direction": 3, "data": [3, 9], "idx": 0, "escape": true }, { "direction": 12, "data": [5, 4], "idx": 1 }, { "direction": 3, "data": [17, 23], "idx": 2 }, { "direction": 12, "data": [29, 28], "idx": 3 }, { "direction": 12, "data": [22, 21], "idx": 4 }, { "direction": 12, "data": [15, 14], "idx": 5 }, { "direction": 3, "data": [2, 8], "idx": 6 }, { "direction": 3, "data": [0, 6], "idx": 7 }, { "direction": 3, "data": [13, 19, 25], "idx": 8 }, { "direction": 3, "data": [24, 30], "idx": 9 }, { "direction": 12, "data": [34, 33, 32], "idx": 10 }], "height": 6 }, { "mapOut": 17, "width": 6, "version": 2, "cellData": [{ "direction": 12, "data": [12, 13], "idx": 0, "escape": true }, { "direction": 3, "data": [1, 7], "idx": 1 }, { "direction": 12, "data": [3, 4], "idx": 2 }, { "direction": 3, "data": [14, 20, 26], "idx": 3 }, { "direction": 12, "data": [31, 32], "idx": 4 }, { "direction": 12, "data": [18, 19], "idx": 5 }, { "direction": 3, "data": [27, 33], "idx": 6 }, { "direction": 12, "data": [28, 29], "idx": 7 }, { "direction": 3, "data": [11, 17, 23], "idx": 8 }, { "direction": 3, "data": [10, 16], "idx": 9 }], "height": 6 }, { "mapOut": 18, "width": 6, "version": 2, "cellData": [{ "direction": 12, "data": [23, 22], "idx": 0, "escape": true }, { "direction": 12, "data": [35, 34], "idx": 1 }, { "direction": 3, "data": [33, 27, 21], "idx": 2 }, { "direction": 12, "data": [32, 31, 30], "idx": 3 }, { "direction": 3, "data": [18, 12], "idx": 4 }, { "direction": 12, "data": [15, 14, 13], "idx": 5 }, { "direction": 12, "data": [10, 9, 8], "idx": 6 }], "height": 6 }, { "mapOut": 17, "width": 6, "version": 2, "cellData": [{ "direction": 12, "data": [15, 16], "idx": 0, "escape": true }, { "direction": 3, "data": [3, 9], "idx": 1 }, { "direction": 3, "data": [11, 17, 23], "idx": 2 }, { "direction": 12, "data": [20, 21, 22], "idx": 3 }, { "direction": 12, "data": [18, 19], "idx": 4 }, { "direction": 3, "data": [0, 6, 12], "idx": 5 }, { "direction": 3, "data": [26, 32], "idx": 6 }, { "direction": 12, "data": [33, 34, 35], "idx": 7 }], "height": 6 }, { "mapOut": 18, "width": 6, "version": 2, "cellData": [{ "direction": 12, "data": [23, 22], "idx": 0, "escape": true }, { "direction": 12, "data": [35, 34, 33], "idx": 1 }, { "direction": 12, "data": [27, 26], "idx": 2 }, { "direction": 3, "data": [31, 25, 19], "idx": 3 }, { "direction": 3, "data": [17, 11], "idx": 4 }, { "direction": 3, "data": [15, 9], "idx": 5 }, { "direction": 12, "data": [8, 7], "idx": 6 }, { "direction": 3, "data": [6, 0], "idx": 7 }], "height": 6 }, { "mapOut": 17, "width": 6, "version": 2, "cellData": [{ "direction": 12, "data": [12, 13], "idx": 0, "escape": true }, { "direction": 12, "data": [2, 3], "idx": 1 }, { "direction": 3, "data": [10, 16, 22], "idx": 2 }, { "direction": 12, "data": [19, 20, 21], "idx": 3 }, { "direction": 3, "data": [26, 32], "idx": 4 }, { "direction": 12, "data": [30, 31], "idx": 5 }, { "direction": 12, "data": [34, 35], "idx": 6 }], "height": 6 }, { "mapOut": 33, "width": 6, "version": 2, "cellData": [{ "direction": 3, "data": [3, 9], "idx": 0, "escape": true }, { "direction": 12, "data": [17, 16, 15], "idx": 1 }, { "direction": 12, "data": [22, 21], "idx": 2 }, { "direction": 3, "data": [23, 29, 35], "idx": 3 }, { "direction": 3, "data": [1, 7, 13], "idx": 4 }, { "direction": 3, "data": [12, 18], "idx": 5 }, { "direction": 12, "data": [31, 30], "idx": 6 }], "height": 6 }, { "mapOut": 17, "width": 6, "version": 2, "cellData": [{ "direction": 12, "data": [12, 13], "idx": 0, "escape": true }, { "direction": 3, "data": [3, 9, 15], "idx": 1 }, { "direction": 12, "data": [18, 19, 20], "idx": 2 }, { "direction": 3, "data": [24, 30], "idx": 3 }, { "direction": 3, "data": [26, 32], "idx": 4 }, { "direction": 12, "data": [27, 28], "idx": 5 }, { "direction": 3, "data": [23, 29, 35], "idx": 6 }], "height": 6 }, { "mapOut": 17, "width": 6, "version": 2, "cellData": [{ "direction": 12, "data": [12, 13], "idx": 0, "escape": true }, { "direction": 12, "data": [0, 1, 2], "idx": 1 }, { "direction": 3, "data": [14, 20], "idx": 2 }, { "direction": 12, "data": [25, 26], "idx": 3 }, { "direction": 12, "data": [27, 28], "idx": 4 }, { "direction": 12, "data": [32, 33, 34], "idx": 5 }, { "direction": 3, "data": [5, 11], "idx": 6 }, { "direction": 3, "data": [4, 10, 16], "idx": 7 }], "height": 6 }, { "mapOut": 33, "width": 6, "version": 2, "cellData": [{ "direction": 3, "data": [3, 9], "idx": 0, "escape": true }, { "direction": 12, "data": [17, 16, 15], "idx": 1 }, { "direction": 3, "data": [29, 35], "idx": 2 }, { "direction": 12, "data": [2, 1, 0], "idx": 3 }, { "direction": 3, "data": [8, 14, 20], "idx": 4 }, { "direction": 12, "data": [26, 25], "idx": 5 }, { "direction": 12, "data": [32, 31], "idx": 6 }, { "direction": 3, "data": [6, 12], "idx": 7 }], "height": 6 }, { "mapOut": 18, "width": 6, "version": 2, "cellData": [{ "direction": 12, "data": [23, 22], "idx": 0, "escape": true }, { "direction": 12, "data": [35, 34], "idx": 1 }, { "direction": 12, "data": [33, 32, 31], "idx": 2 }, { "direction": 12, "data": [27, 26], "idx": 3 }, { "direction": 3, "data": [25, 19], "idx": 4 }, { "direction": 12, "data": [14, 13, 12], "idx": 5 }, { "direction": 3, "data": [15, 9, 3], "idx": 6 }, { "direction": 3, "data": [11, 5], "idx": 7 }], "height": 6 }, { "mapOut": 33, "width": 6, "version": 2, "cellData": [{ "direction": 3, "data": [3, 9], "idx": 0, "escape": true }, { "direction": 3, "data": [17, 23, 29], "idx": 1 }, { "direction": 3, "data": [4, 10], "idx": 2 }, { "direction": 12, "data": [16, 15, 14], "idx": 3 }, { "direction": 3, "data": [22, 28, 34], "idx": 4 }, { "direction": 12, "data": [8, 7], "idx": 5 }, { "direction": 3, "data": [13, 19, 25], "idx": 6 }, { "direction": 12, "data": [32, 31], "idx": 7 }, { "direction": 3, "data": [6, 12, 18], "idx": 8 }], "height": 6 }, { "mapOut": 33, "width": 6, "version": 2, "cellData": [{ "direction": 3, "data": [3, 9], "idx": 0, "escape": true }, { "direction": 3, "data": [10, 16], "idx": 1 }, { "direction": 12, "data": [22, 21], "idx": 2 }, { "direction": 12, "data": [27, 26, 25], "idx": 3 }, { "direction": 3, "data": [18, 24, 30], "idx": 4 }, { "direction": 12, "data": [13, 12], "idx": 5 }, { "direction": 3, "data": [2, 8, 14], "idx": 6 }], "height": 6 }, { "mapOut": 17, "width": 6, "version": 2, "cellData": [{ "direction": 12, "data": [12, 13], "idx": 0, "escape": true }, { "direction": 3, "data": [2, 8, 14], "idx": 1 }, { "direction": 12, "data": [3, 4, 5], "idx": 2 }, { "direction": 3, "data": [11, 17], "idx": 3 }, { "direction": 3, "data": [16, 22], "idx": 4 }, { "direction": 12, "data": [19, 20, 21], "idx": 5 }, { "direction": 12, "data": [26, 27], "idx": 6 }, { "direction": 12, "data": [30, 31, 32], "idx": 7 }], "height": 6 }, { "mapOut": 33, "width": 6, "version": 2, "cellData": [{ "direction": 3, "data": [3, 9], "idx": 0, "escape": true }, { "direction": 3, "data": [10, 16], "idx": 1 }, { "direction": 12, "data": [22, 21], "idx": 2 }, { "direction": 3, "data": [17, 23], "idx": 3 }, { "direction": 12, "data": [15, 14], "idx": 4 }, { "direction": 12, "data": [13, 12], "idx": 5 }, { "direction": 12, "data": [35, 34, 33], "idx": 6 }, { "direction": 3, "data": [26, 32], "idx": 7 }, { "direction": 3, "data": [18, 24, 30], "idx": 8 }], "height": 6 }, { "mapOut": 17, "width": 6, "version": 2, "cellData": [{ "direction": 12, "data": [12, 13], "idx": 0, "escape": true }, { "direction": 3, "data": [2, 8, 14], "idx": 1 }, { "direction": 12, "data": [4, 5], "idx": 2 }, { "direction": 12, "data": [9, 10, 11], "idx": 3 }, { "direction": 12, "data": [24, 25, 26], "idx": 4 }, { "direction": 12, "data": [30, 31, 32], "idx": 5 }, { "direction": 3, "data": [28, 34], "idx": 6 }, { "direction": 3, "data": [23, 29], "idx": 7 }], "height": 6 }, { "mapOut": 18, "width": 6, "version": 2, "cellData": [{ "direction": 12, "data": [23, 22], "idx": 0, "escape": true }, { "direction": 3, "data": [34, 28], "idx": 1 }, { "direction": 12, "data": [33, 32, 31], "idx": 2 }, { "direction": 3, "data": [27, 21], "idx": 3 }, { "direction": 3, "data": [26, 20], "idx": 4 }, { "direction": 12, "data": [25, 24], "idx": 5 }, { "direction": 12, "data": [15, 14], "idx": 6 }, { "direction": 12, "data": [11, 10], "idx": 7 }, { "direction": 12, "data": [8, 7], "idx": 8 }, { "direction": 3, "data": [6, 0], "idx": 9 }, { "direction": 12, "data": [3, 2, 1], "idx": 10 }], "height": 6 }, { "mapOut": 17, "width": 6, "version": 2, "cellData": [{ "direction": 12, "data": [12, 13], "idx": 0, "escape": true }, { "direction": 12, "data": [6, 7], "idx": 1 }, { "direction": 12, "data": [18, 19], "idx": 2 }, { "direction": 3, "data": [8, 14, 20], "idx": 3 }, { "direction": 12, "data": [25, 26, 27], "idx": 4 }, { "direction": 12, "data": [30, 31, 32], "idx": 5 }, { "direction": 3, "data": [22, 28], "idx": 6 }, { "direction": 3, "data": [17, 23], "idx": 7 }, { "direction": 12, "data": [10, 11], "idx": 8 }, { "direction": 12, "data": [4, 5], "idx": 9 }], "height": 6 }, { "mapOut": 33, "width": 6, "version": 2, "cellData": [{ "direction": 3, "data": [3, 9], "idx": 0, "escape": true }, { "direction": 12, "data": [16, 15, 14], "idx": 1 }, { "direction": 12, "data": [34, 33], "idx": 2 }, { "direction": 12, "data": [32, 31], "idx": 3 }, { "direction": 12, "data": [29, 28], "idx": 4 }, { "direction": 3, "data": [20, 26], "idx": 5 }, { "direction": 12, "data": [2, 1], "idx": 6 }, { "direction": 3, "data": [0, 6, 12], "idx": 7 }, { "direction": 3, "data": [7, 13], "idx": 8 }, { "direction": 12, "data": [19, 18], "idx": 9 }], "height": 6 }, { "mapOut": 33, "width": 6, "version": 2, "cellData": [{ "direction": 3, "data": [3, 9], "idx": 0, "escape": true }, { "direction": 12, "data": [5, 4], "idx": 1 }, { "direction": 3, "data": [10, 16], "idx": 2 }, { "direction": 3, "data": [17, 23], "idx": 3 }, { "direction": 12, "data": [29, 28, 27], "idx": 4 }, { "direction": 12, "data": [21, 20], "idx": 5 }, { "direction": 12, "data": [8, 7], "idx": 6 }, { "direction": 12, "data": [13, 12], "idx": 7 }, { "direction": 3, "data": [19, 25], "idx": 8 }, { "direction": 3, "data": [18, 24], "idx": 9 }], "height": 6 }, { "mapOut": 17, "width": 6, "version": 2, "cellData": [{ "direction": 12, "data": [12, 13], "idx": 0, "escape": true }, { "direction": 3, "data": [18, 24, 30], "idx": 1 }, { "direction": 12, "data": [1, 2], "idx": 2 }, { "direction": 12, "data": [7, 8], "idx": 3 }, { "direction": 3, "data": [3, 9], "idx": 4 }, { "direction": 12, "data": [20, 21], "idx": 5 }, { "direction": 3, "data": [26, 32], "idx": 6 }, { "direction": 12, "data": [28, 29], "idx": 7 }, { "direction": 3, "data": [10, 16, 22], "idx": 8 }, { "direction": 3, "data": [11, 17, 23], "idx": 9 }], "height": 6 }, { "mapOut": 18, "width": 6, "version": 2, "cellData": [{ "direction": 12, "data": [23, 22], "idx": 0, "escape": true }, { "direction": 3, "data": [35, 29], "idx": 1 }, { "direction": 12, "data": [33, 32], "idx": 2 }, { "direction": 3, "data": [31, 25, 19], "idx": 3 }, { "direction": 3, "data": [30, 24, 18], "idx": 4 }, { "direction": 12, "data": [14, 13, 12], "idx": 5 }, { "direction": 3, "data": [21, 15], "idx": 6 }, { "direction": 12, "data": [10, 9], "idx": 7 }, { "direction": 12, "data": [3, 2, 1], "idx": 8 }, { "direction": 12, "data": [7, 6], "idx": 9 }], "height": 6 }, { "mapOut": 18, "width": 6, "version": 2, "cellData": [{ "direction": 12, "data": [23, 22], "idx": 0, "escape": true }, { "direction": 3, "data": [34, 28], "idx": 1 }, { "direction": 3, "data": [33, 27, 21], "idx": 2 }, { "direction": 3, "data": [16, 10], "idx": 3 }, { "direction": 12, "data": [15, 14, 13], "idx": 4 }, { "direction": 12, "data": [9, 8], "idx": 5 }, { "direction": 12, "data": [3, 2], "idx": 6 }, { "direction": 3, "data": [7, 1], "idx": 7 }, { "direction": 3, "data": [12, 6], "idx": 8 }, { "direction": 3, "data": [24, 18], "idx": 9 }], "height": 6 }, { "mapOut": 17, "width": 6, "version": 2, "cellData": [{ "direction": 12, "data": [12, 13], "idx": 0, "escape": true }, { "direction": 3, "data": [1, 7], "idx": 1 }, { "direction": 3, "data": [19, 25], "idx": 2 }, { "direction": 3, "data": [24, 30], "idx": 3 }, { "direction": 12, "data": [31, 32], "idx": 4 }, { "direction": 12, "data": [33, 34], "idx": 5 }, { "direction": 3, "data": [8, 14, 20], "idx": 6 }, { "direction": 12, "data": [9, 10], "idx": 7 }, { "direction": 12, "data": [4, 5], "idx": 8 }, { "direction": 3, "data": [11, 17, 23], "idx": 9 }, { "direction": 3, "data": [16, 22], "idx": 10 }, { "direction": 12, "data": [28, 29], "idx": 11 }], "height": 6 }, { "mapOut": 17, "width": 6, "version": 2, "cellData": [{ "direction": 12, "data": [12, 13], "idx": 0, "escape": true }, { "direction": 3, "data": [5, 11, 17], "idx": 1 }, { "direction": 12, "data": [9, 10], "idx": 2 }, { "direction": 3, "data": [16, 22], "idx": 3 }, { "direction": 12, "data": [27, 28], "idx": 4 }, { "direction": 12, "data": [33, 34, 35], "idx": 5 }, { "direction": 3, "data": [20, 26, 32], "idx": 6 }], "height": 6 }, { "mapOut": 17, "width": 6, "version": 2, "cellData": [{ "direction": 12, "data": [15, 16], "idx": 0, "escape": true }, { "direction": 12, "data": [6, 7, 8], "idx": 1 }, { "direction": 3, "data": [13, 19], "idx": 2 }, { "direction": 12, "data": [20, 21, 22], "idx": 3 }, { "direction": 3, "data": [27, 33], "idx": 4 }, { "direction": 12, "data": [24, 25, 26], "idx": 5 }, { "direction": 3, "data": [17, 23, 29], "idx": 6 }, { "direction": 12, "data": [34, 35], "idx": 7 }], "height": 6 }, { "mapOut": 33, "width": 6, "version": 2, "cellData": [{ "direction": 3, "data": [3, 9], "idx": 0, "escape": true }, { "direction": 3, "data": [17, 23], "idx": 1 }, { "direction": 12, "data": [16, 15, 14], "idx": 2 }, { "direction": 3, "data": [1, 7, 13], "idx": 3 }, { "direction": 3, "data": [6, 12, 18], "idx": 4 }, { "direction": 12, "data": [25, 24], "idx": 5 }, { "direction": 3, "data": [26, 32], "idx": 6 }], "height": 6 }, { "mapOut": 17, "width": 6, "version": 2, "cellData": [{ "direction": 12, "data": [12, 13], "idx": 0, "escape": true }, { "direction": 3, "data": [2, 8, 14], "idx": 1 }, { "direction": 12, "data": [19, 20, 21], "idx": 2 }, { "direction": 3, "data": [25, 31], "idx": 3 }, { "direction": 3, "data": [4, 10], "idx": 4 }, { "direction": 3, "data": [16, 22], "idx": 5 }, { "direction": 3, "data": [11, 17], "idx": 6 }, { "direction": 12, "data": [34, 35], "idx": 7 }], "height": 6 }, { "mapOut": 18, "width": 6, "version": 2, "cellData": [{ "direction": 12, "data": [23, 22], "idx": 0, "escape": true }, { "direction": 12, "data": [33, 32], "idx": 1 }, { "direction": 3, "data": [20, 14], "idx": 2 }, { "direction": 3, "data": [19, 13, 7], "idx": 3 }, { "direction": 12, "data": [2, 1], "idx": 4 }, { "direction": 3, "data": [9, 3], "idx": 5 }, { "direction": 12, "data": [17, 16, 15], "idx": 6 }, { "direction": 12, "data": [11, 10], "idx": 7 }], "height": 6 }, { "mapOut": 33, "width": 6, "version": 2, "cellData": [{ "direction": 3, "data": [3, 9], "idx": 0, "escape": true }, { "direction": 3, "data": [16, 22, 28], "idx": 1 }, { "direction": 12, "data": [27, 26], "idx": 2 }, { "direction": 12, "data": [33, 32, 31], "idx": 3 }, { "direction": 3, "data": [24, 30], "idx": 4 }, { "direction": 12, "data": [19, 18], "idx": 5 }, { "direction": 12, "data": [13, 12], "idx": 6 }, { "direction": 3, "data": [2, 8], "idx": 7 }, { "direction": 3, "data": [14, 20], "idx": 8 }], "height": 6 }, { "mapOut": 33, "width": 6, "version": 2, "cellData": [{ "direction": 3, "data": [3, 9], "idx": 0, "escape": true }, { "direction": 3, "data": [17, 23], "idx": 1 }, { "direction": 12, "data": [29, 28], "idx": 2 }, { "direction": 12, "data": [16, 15, 14], "idx": 3 }, { "direction": 3, "data": [20, 26, 32], "idx": 4 }, { "direction": 12, "data": [31, 30], "idx": 5 }, { "direction": 3, "data": [13, 19], "idx": 6 }, { "direction": 3, "data": [6, 12, 18], "idx": 7 }, { "direction": 12, "data": [8, 7], "idx": 8 }], "height": 6 }, { "mapOut": 18, "width": 6, "version": 2, "cellData": [{ "direction": 12, "data": [23, 22], "idx": 0, "escape": true }, { "direction": 12, "data": [29, 28, 27], "idx": 1 }, { "direction": 12, "data": [34, 33, 32], "idx": 2 }, { "direction": 3, "data": [26, 20, 14], "idx": 3 }, { "direction": 12, "data": [16, 15], "idx": 4 }, { "direction": 3, "data": [11, 5], "idx": 5 }, { "direction": 3, "data": [9, 3], "idx": 6 }, { "direction": 12, "data": [8, 7], "idx": 7 }, { "direction": 12, "data": [2, 1, 0], "idx": 8 }], "height": 6 }, { "mapOut": 33, "width": 6, "version": 2, "cellData": [{ "direction": 3, "data": [3, 9], "idx": 0, "escape": true }, { "direction": 3, "data": [11, 17, 23], "idx": 1 }, { "direction": 12, "data": [16, 15], "idx": 2 }, { "direction": 12, "data": [28, 27], "idx": 3 }, { "direction": 3, "data": [20, 26], "idx": 4 }, { "direction": 12, "data": [14, 13], "idx": 5 }, { "direction": 12, "data": [19, 18], "idx": 6 }, { "direction": 3, "data": [0, 6, 12], "idx": 7 }], "height": 6 }, { "mapOut": 18, "width": 6, "version": 2, "cellData": [{ "direction": 12, "data": [23, 22], "idx": 0, "escape": true }, { "direction": 3, "data": [33, 27, 21], "idx": 1 }, { "direction": 3, "data": [26, 20], "idx": 2 }, { "direction": 3, "data": [25, 19], "idx": 3 }, { "direction": 12, "data": [32, 31], "idx": 4 }, { "direction": 12, "data": [14, 13, 12], "idx": 5 }, { "direction": 3, "data": [6, 0], "idx": 6 }, { "direction": 12, "data": [9, 8, 7], "idx": 7 }, { "direction": 12, "data": [5, 4, 3], "idx": 8 }], "height": 6 }, { "mapOut": 17, "width": 6, "version": 2, "cellData": [{ "direction": 12, "data": [12, 13], "idx": 0, "escape": true }, { "direction": 12, "data": [1, 2, 3], "idx": 1 }, { "direction": 3, "data": [4, 10, 16], "idx": 2 }, { "direction": 3, "data": [5, 11, 17], "idx": 3 }, { "direction": 12, "data": [19, 20, 21], "idx": 4 }, { "direction": 12, "data": [24, 25], "idx": 5 }, { "direction": 3, "data": [26, 32], "idx": 6 }, { "direction": 12, "data": [27, 28], "idx": 7 }, { "direction": 12, "data": [33, 34, 35], "idx": 8 }], "height": 6 }, { "mapOut": 18, "width": 6, "version": 2, "cellData": [{ "direction": 12, "data": [23, 22], "idx": 0, "escape": true }, { "direction": 12, "data": [34, 33, 32], "idx": 1 }, { "direction": 12, "data": [27, 26], "idx": 2 }, { "direction": 3, "data": [31, 25, 19], "idx": 3 }, { "direction": 12, "data": [15, 14, 13], "idx": 4 }, { "direction": 12, "data": [5, 4], "idx": 5 }, { "direction": 3, "data": [9, 3], "idx": 6 }, { "direction": 12, "data": [8, 7, 6], "idx": 7 }, { "direction": 12, "data": [2, 1], "idx": 8 }], "height": 6 }, { "mapOut": 33, "width": 6, "version": 2, "cellData": [{ "direction": 3, "data": [3, 9], "idx": 0, "escape": true }, { "direction": 3, "data": [10, 16], "idx": 1 }, { "direction": 3, "data": [17, 23], "idx": 2 }, { "direction": 12, "data": [35, 34], "idx": 3 }, { "direction": 12, "data": [28, 27, 26], "idx": 4 }, { "direction": 12, "data": [32, 31], "idx": 5 }, { "direction": 3, "data": [19, 25], "idx": 6 }, { "direction": 12, "data": [13, 12], "idx": 7 }, { "direction": 3, "data": [0, 6], "idx": 8 }, { "direction": 3, "data": [8, 14, 20], "idx": 9 }], "height": 6 }, { "mapOut": 18, "width": 6, "version": 2, "cellData": [{ "direction": 12, "data": [23, 22], "idx": 0, "escape": true }, { "direction": 12, "data": [34, 33, 32], "idx": 1 }, { "direction": 12, "data": [31, 30], "idx": 2 }, { "direction": 12, "data": [28, 27], "idx": 3 }, { "direction": 3, "data": [21, 15], "idx": 4 }, { "direction": 12, "data": [14, 13, 12], "idx": 5 }, { "direction": 12, "data": [9, 8, 7], "idx": 6 }, { "direction": 3, "data": [6, 0], "idx": 7 }, { "direction": 12, "data": [2, 1], "idx": 8 }], "height": 6 }, { "mapOut": 18, "width": 6, "version": 2, "cellData": [{ "direction": 12, "data": [23, 22], "idx": 0, "escape": true }, { "direction": 12, "data": [29, 28, 27], "idx": 1 }, { "direction": 3, "data": [32, 26], "idx": 2 }, { "direction": 12, "data": [31, 30], "idx": 3 }, { "direction": 3, "data": [25, 19], "idx": 4 }, { "direction": 3, "data": [24, 18, 12], "idx": 5 }, { "direction": 12, "data": [8, 7, 6], "idx": 6 }, { "direction": 12, "data": [2, 1, 0], "idx": 7 }, { "direction": 3, "data": [15, 9], "idx": 8 }, { "direction": 3, "data": [11, 5], "idx": 9 }], "height": 6 }, { "mapOut": 18, "width": 6, "version": 2, "cellData": [{ "direction": 12, "data": [23, 22], "idx": 0, "escape": true }, { "direction": 3, "data": [34, 28], "idx": 1 }, { "direction": 3, "data": [30, 24, 18], "idx": 2 }, { "direction": 3, "data": [25, 19, 13], "idx": 3 }, { "direction": 12, "data": [8, 7, 6], "idx": 4 }, { "direction": 12, "data": [3, 2, 1], "idx": 5 }, { "direction": 3, "data": [10, 4], "idx": 6 }], "height": 6 }, { "mapOut": 18, "width": 6, "version": 2, "cellData": [{ "direction": 12, "data": [23, 22], "idx": 0, "escape": true }, { "direction": 12, "data": [29, 28, 27], "idx": 1 }, { "direction": 3, "data": [31, 25, 19], "idx": 2 }, { "direction": 3, "data": [16, 10], "idx": 3 }, { "direction": 12, "data": [9, 8, 7], "idx": 4 }, { "direction": 12, "data": [4, 3], "idx": 5 }, { "direction": 12, "data": [2, 1], "idx": 6 }], "height": 6 }, { "mapOut": 18, "width": 6, "version": 2, "cellData": [{ "direction": 12, "data": [23, 22], "idx": 0, "escape": true }, { "direction": 12, "data": [34, 33], "idx": 1 }, { "direction": 3, "data": [26, 20], "idx": 2 }, { "direction": 3, "data": [30, 24, 18], "idx": 3 }, { "direction": 12, "data": [14, 13, 12], "idx": 4 }, { "direction": 3, "data": [15, 9, 3], "idx": 5 }, { "direction": 3, "data": [10, 4], "idx": 6 }], "height": 6 }, { "mapOut": 17, "width": 6, "version": 2, "cellData": [{ "direction": 12, "data": [12, 13], "idx": 0, "escape": true }, { "direction": 12, "data": [1, 2], "idx": 1 }, { "direction": 3, "data": [14, 20, 26], "idx": 2 }, { "direction": 3, "data": [25, 31], "idx": 3 }, { "direction": 12, "data": [27, 28, 29], "idx": 4 }, { "direction": 12, "data": [34, 35], "idx": 5 }, { "direction": 3, "data": [5, 11, 17], "idx": 6 }, { "direction": 3, "data": [10, 16], "idx": 7 }], "height": 6 }, { "mapOut": 18, "width": 6, "version": 2, "cellData": [{ "direction": 12, "data": [23, 22], "idx": 0, "escape": true }, { "direction": 3, "data": [34, 28], "idx": 1 }, { "direction": 3, "data": [17, 11, 5], "idx": 2 }, { "direction": 12, "data": [10, 9, 8], "idx": 3 }, { "direction": 12, "data": [1, 0], "idx": 4 }, { "direction": 12, "data": [13, 12], "idx": 5 }, { "direction": 3, "data": [26, 20, 14], "idx": 6 }, { "direction": 3, "data": [30, 24, 18], "idx": 7 }], "height": 6 }, { "mapOut": 17, "width": 6, "version": 2, "cellData": [{ "direction": 12, "data": [12, 13], "idx": 0, "escape": true }, { "direction": 12, "data": [0, 1], "idx": 1 }, { "direction": 12, "data": [18, 19, 20], "idx": 2 }, { "direction": 3, "data": [24, 30], "idx": 3 }, { "direction": 12, "data": [32, 33, 34], "idx": 4 }, { "direction": 12, "data": [27, 28], "idx": 5 }, { "direction": 3, "data": [23, 29], "idx": 6 }, { "direction": 3, "data": [16, 22], "idx": 7 }, { "direction": 3, "data": [15, 9, 3], "idx": 8 }], "height": 6 }, { "mapOut": 33, "width": 6, "version": 2, "cellData": [{ "direction": 3, "data": [3, 9], "idx": 0, "escape": true }, { "direction": 3, "data": [5, 11, 17], "idx": 1 }, { "direction": 12, "data": [23, 22, 21], "idx": 2 }, { "direction": 3, "data": [28, 34], "idx": 3 }, { "direction": 12, "data": [27, 26], "idx": 4 }, { "direction": 12, "data": [31, 30], "idx": 5 }, { "direction": 3, "data": [2, 8, 14], "idx": 6 }, { "direction": 12, "data": [1, 0], "idx": 7 }, { "direction": 3, "data": [7, 13, 19], "idx": 8 }, { "direction": 3, "data": [6, 12], "idx": 9 }, { "direction": 3, "data": [18, 24], "idx": 10 }], "height": 6 }, { "mapOut": 33, "width": 6, "version": 2, "cellData": [{ "direction": 3, "data": [3, 9], "idx": 0, "escape": true }, { "direction": 3, "data": [5, 11, 17], "idx": 1 }, { "direction": 3, "data": [16, 22, 28], "idx": 2 }, { "direction": 12, "data": [15, 14, 13], "idx": 3 }, { "direction": 3, "data": [12, 18, 24], "idx": 4 }, { "direction": 12, "data": [25, 26], "idx": 5 }, { "direction": 12, "data": [31, 32, 33], "idx": 6 }], "height": 6 }, { "mapOut": 33, "width": 6, "version": 2, "cellData": [{ "direction": 3, "data": [3, 9], "idx": 0, "escape": true }, { "direction": 3, "data": [29, 35], "idx": 1 }, { "direction": 12, "data": [22, 21, 20], "idx": 2 }, { "direction": 3, "data": [2, 8, 14], "idx": 3 }, { "direction": 12, "data": [1, 0], "idx": 4 }, { "direction": 3, "data": [6, 12, 18], "idx": 5 }, { "direction": 3, "data": [24, 30], "idx": 6 }], "height": 6 }, { "mapOut": 33, "width": 6, "version": 2, "cellData": [{ "direction": 3, "data": [3, 9], "idx": 0, "escape": true }, { "direction": 12, "data": [16, 15], "idx": 1 }, { "direction": 12, "data": [23, 22, 21], "idx": 2 }, { "direction": 12, "data": [34, 33, 32], "idx": 3 }, { "direction": 12, "data": [2, 1, 0], "idx": 4 }, { "direction": 12, "data": [7, 6], "idx": 5 }, { "direction": 3, "data": [12, 18, 24], "idx": 6 }], "height": 6 }, { "mapOut": 18, "width": 6, "version": 2, "cellData": [{ "direction": 12, "data": [23, 22], "idx": 0, "escape": true }, { "direction": 3, "data": [27, 21], "idx": 1 }, { "direction": 3, "data": [32, 26, 20], "idx": 2 }, { "direction": 3, "data": [31, 25, 19], "idx": 3 }, { "direction": 3, "data": [11, 5], "idx": 4 }, { "direction": 12, "data": [10, 9, 8], "idx": 5 }, { "direction": 12, "data": [1, 0], "idx": 6 }], "height": 6 }, { "mapOut": 18, "width": 6, "version": 2, "cellData": [{ "direction": 12, "data": [23, 22], "idx": 0, "escape": true }, { "direction": 12, "data": [34, 33, 32], "idx": 1 }, { "direction": 12, "data": [27, 26, 25], "idx": 2 }, { "direction": 3, "data": [24, 18, 12], "idx": 3 }, { "direction": 3, "data": [19, 13], "idx": 4 }, { "direction": 3, "data": [21, 15, 9], "idx": 5 }, { "direction": 12, "data": [4, 3, 2], "idx": 6 }], "height": 6 }, { "mapOut": 33, "width": 6, "version": 2, "cellData": [{ "direction": 3, "data": [3, 9], "idx": 0, "escape": true }, { "direction": 12, "data": [35, 34, 33], "idx": 1 }, { "direction": 3, "data": [10, 16], "idx": 2 }, { "direction": 12, "data": [22, 21, 20], "idx": 3 }, { "direction": 3, "data": [2, 8, 14], "idx": 4 }, { "direction": 12, "data": [1, 0], "idx": 5 }, { "direction": 3, "data": [7, 13, 19], "idx": 6 }], "height": 6 }, { "mapOut": 33, "width": 6, "version": 2, "cellData": [{ "direction": 3, "data": [3, 9], "idx": 0, "escape": true }, { "direction": 3, "data": [11, 17, 23], "idx": 1 }, { "direction": 12, "data": [16, 15], "idx": 2 }, { "direction": 12, "data": [34, 33], "idx": 3 }, { "direction": 3, "data": [14, 20, 26], "idx": 4 }, { "direction": 12, "data": [2, 1, 0], "idx": 5 }, { "direction": 12, "data": [13, 12], "idx": 6 }, { "direction": 12, "data": [25, 24], "idx": 7 }, { "direction": 12, "data": [31, 30], "idx": 8 }], "height": 6 }, { "mapOut": 18, "width": 6, "version": 2, "cellData": [{ "direction": 12, "data": [23, 22], "idx": 0, "escape": true }, { "direction": 12, "data": [35, 34], "idx": 1 }, { "direction": 3, "data": [27, 21], "idx": 2 }, { "direction": 3, "data": [31, 25, 19], "idx": 3 }, { "direction": 3, "data": [30, 24, 18], "idx": 4 }, { "direction": 12, "data": [14, 13, 12], "idx": 5 }, { "direction": 12, "data": [9, 8, 7], "idx": 6 }, { "direction": 3, "data": [16, 10], "idx": 7 }], "height": 6 }, { "mapOut": 33, "width": 6, "version": 2, "cellData": [{ "direction": 3, "data": [3, 9], "idx": 0, "escape": true }, { "direction": 3, "data": [5, 11, 17], "idx": 1 }, { "direction": 12, "data": [15, 14], "idx": 2 }, { "direction": 3, "data": [2, 8], "idx": 3 }, { "direction": 12, "data": [1, 0], "idx": 4 }, { "direction": 3, "data": [7, 13], "idx": 5 }, { "direction": 12, "data": [20, 19, 18], "idx": 6 }, { "direction": 12, "data": [33, 32], "idx": 7 }, { "direction": 12, "data": [31, 30], "idx": 8 }], "height": 6 }, { "mapOut": 18, "width": 6, "version": 2, "cellData": [{ "direction": 12, "data": [23, 22], "idx": 0, "escape": true }, { "direction": 12, "data": [17, 16], "idx": 1 }, { "direction": 3, "data": [10, 4], "idx": 2 }, { "direction": 12, "data": [9, 8, 7], "idx": 3 }, { "direction": 12, "data": [2, 1], "idx": 4 }, { "direction": 3, "data": [13, 19, 25], "idx": 5 }, { "direction": 12, "data": [32, 31], "idx": 6 }, { "direction": 3, "data": [27, 21], "idx": 7 }], "height": 6 }, { "mapOut": 33, "width": 6, "version": 2, "cellData": [{ "direction": 3, "data": [3, 9], "idx": 0, "escape": true }, { "direction": 12, "data": [16, 15], "idx": 1 }, { "direction": 12, "data": [23, 22, 21], "idx": 2 }, { "direction": 12, "data": [33, 32], "idx": 3 }, { "direction": 12, "data": [2, 1, 0], "idx": 4 }, { "direction": 3, "data": [8, 14], "idx": 5 }, { "direction": 3, "data": [7, 13, 19], "idx": 6 }, { "direction": 3, "data": [12, 18, 24], "idx": 7 }], "height": 6 }, { "mapOut": 18, "width": 6, "version": 2, "cellData": [{ "direction": 12, "data": [23, 22], "idx": 0, "escape": true }, { "direction": 12, "data": [33, 32], "idx": 1 }, { "direction": 12, "data": [28, 27, 26], "idx": 2 }, { "direction": 3, "data": [21, 15], "idx": 3 }, { "direction": 12, "data": [11, 10, 9], "idx": 4 }, { "direction": 12, "data": [8, 7, 6], "idx": 5 }, { "direction": 12, "data": [2, 1], "idx": 6 }, { "direction": 3, "data": [18, 12], "idx": 7 }], "height": 6 }, { "mapOut": 33, "width": 6, "version": 2, "cellData": [{ "direction": 3, "data": [3, 9], "idx": 0, "escape": true }, { "direction": 3, "data": [5, 11, 17], "idx": 1 }, { "direction": 12, "data": [28, 27, 26], "idx": 2 }, { "direction": 3, "data": [2, 8, 14], "idx": 3 }, { "direction": 12, "data": [20, 19], "idx": 4 }, { "direction": 3, "data": [18, 24, 30], "idx": 5 }, { "direction": 12, "data": [7, 6], "idx": 6 }], "height": 6 }, { "mapOut": 18, "width": 6, "version": 2, "cellData": [{ "direction": 12, "data": [23, 22], "idx": 0, "escape": true }, { "direction": 12, "data": [28, 27, 26], "idx": 1 }, { "direction": 3, "data": [25, 19, 13], "idx": 2 }, { "direction": 3, "data": [18, 12], "idx": 3 }, { "direction": 12, "data": [7, 6], "idx": 4 }, { "direction": 12, "data": [2, 1], "idx": 5 }, { "direction": 3, "data": [11, 5], "idx": 6 }, { "direction": 12, "data": [10, 9], "idx": 7 }, { "direction": 12, "data": [15, 14], "idx": 8 }], "height": 6 }, { "mapOut": 33, "width": 6, "version": 2, "cellData": [{ "direction": 3, "data": [3, 9], "idx": 0, "escape": true }, { "direction": 3, "data": [4, 10, 16], "idx": 1 }, { "direction": 12, "data": [21, 20], "idx": 2 }, { "direction": 12, "data": [29, 28, 27], "idx": 3 }, { "direction": 12, "data": [33, 32], "idx": 4 }, { "direction": 3, "data": [13, 19], "idx": 5 }, { "direction": 12, "data": [2, 1, 0], "idx": 6 }, { "direction": 3, "data": [6, 12], "idx": 7 }, { "direction": 3, "data": [24, 30], "idx": 8 }], "height": 6 }, { "mapOut": 17, "width": 6, "version": 2, "cellData": [{ "direction": 12, "data": [12, 13], "idx": 0, "escape": true }, { "direction": 12, "data": [6, 7], "idx": 1 }, { "direction": 12, "data": [18, 19], "idx": 2 }, { "direction": 3, "data": [14, 20, 26], "idx": 3 }, { "direction": 12, "data": [32, 33], "idx": 4 }, { "direction": 12, "data": [21, 22, 23], "idx": 5 }, { "direction": 3, "data": [5, 11, 17], "idx": 6 }, { "direction": 3, "data": [4, 10], "idx": 7 }, { "direction": 12, "data": [2, 3], "idx": 8 }], "height": 6 }, { "mapOut": 33, "width": 6, "version": 2, "cellData": [{ "direction": 3, "data": [3, 9], "idx": 0, "escape": true }, { "direction": 3, "data": [17, 23, 29], "idx": 1 }, { "direction": 12, "data": [15, 14], "idx": 2 }, { "direction": 12, "data": [21, 20, 19], "idx": 3 }, { "direction": 3, "data": [1, 7, 13], "idx": 4 }, { "direction": 3, "data": [6, 12], "idx": 5 }, { "direction": 12, "data": [25, 24], "idx": 6 }, { "direction": 3, "data": [26, 32], "idx": 7 }, { "direction": 12, "data": [34, 33], "idx": 8 }], "height": 6 }, { "mapOut": 18, "width": 6, "version": 2, "cellData": [{ "direction": 12, "data": [23, 22], "idx": 0, "escape": true }, { "direction": 12, "data": [34, 33], "idx": 1 }, { "direction": 3, "data": [32, 26], "idx": 2 }, { "direction": 12, "data": [31, 30], "idx": 3 }, { "direction": 3, "data": [24, 18], "idx": 4 }, { "direction": 3, "data": [21, 15, 9], "idx": 5 }, { "direction": 3, "data": [16, 10, 4], "idx": 6 }, { "direction": 12, "data": [3, 2, 1], "idx": 7 }, { "direction": 12, "data": [14, 13, 12], "idx": 8 }], "height": 6 }, { "mapOut": 18, "width": 6, "version": 2, "cellData": [{ "direction": 12, "data": [23, 22], "idx": 0, "escape": true }, { "direction": 3, "data": [34, 28], "idx": 1 }, { "direction": 3, "data": [27, 21, 15], "idx": 2 }, { "direction": 3, "data": [20, 14], "idx": 3 }, { "direction": 12, "data": [9, 8], "idx": 4 }, { "direction": 12, "data": [3, 2, 1], "idx": 5 }, { "direction": 12, "data": [32, 31, 30], "idx": 6 }, { "direction": 3, "data": [24, 18, 12], "idx": 7 }], "height": 6 }, { "mapOut": 18, "width": 6, "version": 2, "cellData": [{ "direction": 12, "data": [23, 22], "idx": 0, "escape": true }, { "direction": 12, "data": [35, 34, 33], "idx": 1 }, { "direction": 3, "data": [27, 21, 15], "idx": 2 }, { "direction": 3, "data": [20, 14], "idx": 3 }, { "direction": 3, "data": [30, 24, 18], "idx": 4 }, { "direction": 12, "data": [9, 8, 7], "idx": 5 }, { "direction": 12, "data": [1, 0], "idx": 6 }, { "direction": 12, "data": [5, 4], "idx": 7 }, { "direction": 12, "data": [17, 16], "idx": 8 }], "height": 6 }]